name,gene length,alignment length
YAL007C,648,645
YAL008W,597,606
YAL009W,780,777
YAL010C,1482,1488
YAL012W,1185,1185
YAL015C,1200,1209
YAL016W,1908,1905
YAL018C,978,987
YAL019W,3396,3417
YAL020C,1002,1008
YAL021C,2514,2529
YAL022C,1554,1566
YAL024C,4308,4344
YAL025C,921,921
YAL027W,786,795
YAL028W,1587,1614
YAL031C,2283,2286
YAL032C,1140,1155
YAL033W,522,525
YAL035W,3009,3009
YAL036C,1110,1107
YAL037W,804,822
YAL038W,1503,1500
YAL039C,810,852
YAL040C,1743,1785
YAL041W,2565,2562
YAL042W,1248,1248
YAL043C,2358,2532
YAL046C,357,528
YAL047C,1869,1881
YAL048C,1989,1986
YAL049C,741,738
YAL053W,2352,2352
YAL054C,2142,2139
YAL055W,543,540
YAL058W,1509,1506
YAL059W,639,798
YAL060W,1149,1146
YAL061W,1254,1251
YAR002W,1620,1641
YAR003W,1281,1284
YAR007C,1866,1863
YAR008W,828,900
YAR015W,921,918
YAR018C,1308,1305
YBL005W,2931,2934
YBL007C,3735,3834
YBL008W,2523,2529
YBL009W,2031,2040
YBL010C,843,843
YBL011W,2280,2283
YBL021C,435,432
YBL023C,2607,2604
YBL024W,2055,2070
YBL030C,957,954
YBL031W,1017,1041
YBL032W,1146,1173
YBL033C,1038,1056
YBL034C,4542,4590
YBL035C,2118,2115
YBL036C,774,849
YBL037W,3078,3075
YBL038W,699,699
YBL043W,774,810
YBL045C,1374,1371
YBL046W,1326,1419
YBL049W,417,414
YBL051C,2007,2025
YBL052C,2496,2556
YBL054W,1578,1599
YBL055C,1257,1473
YBL056W,1407,1404
YBL057C,645,648
YBL058W,1272,1284
YBL061C,2091,2106
YBL063W,3336,3339
YBL064C,786,783
YBL069W,1290,1287
YBL074C,1068,1146
YBL075C,1950,1956
YBL076C,3219,3216
YBL078C,354,351
YBL086C,1401,1404
YBL090W,534,531
YBL091C,1266,1263
YBL095W,813,849
YBL098W,1383,1428
YBL099W,1638,1644
YBL101C,3354,3396
YBL102W,648,645
YBL103C,1461,1458
YBL105C,3456,3453
YBL106C,3033,3030
YBR002C,861,858
YBR003W,1422,1419
YBR004C,1302,1299
YBR005W,642,639
YBR015C,1794,1809
YBR016W,387,387
YBR017C,2757,2757
YBR018C,1101,1098
YBR019C,2100,2097
YBR020W,1587,1584
YBR021W,1902,1899
YBR022W,534,531
YBR024W,906,903
YBR025C,1185,1182
YBR026C,1143,1140
YBR028C,1578,1581
YBR029C,1374,1374
YBR034C,1047,1044
YBR035C,687,684
YBR036C,1233,1230
YBR037C,888,945
YBR038W,2892,2892
YBR039W,936,933
YBR040W,897,897
YBR042C,1194,1197
YBR043C,2070,2067
YBR044C,1722,1719
YBR045C,1722,1959
YBR046C,1005,1011
YBR047W,528,525
YBR049C,2433,2511
YBR050C,1017,1098
YBR052C,633,633
YBR053C,1077,1074
YBR054W,1035,1035
YBR056W,1506,1503
YBR057C,1101,1110
YBR060C,1863,1863
YBR061C,933,930
YBR063C,1215,1221
YBR065C,1095,1095
YBR066C,663,660
YBR067C,633,765
YBR069C,1860,1866
YBR070C,714,738
YBR071W,636,639
YBR072W,645,642
YBR087W,1065,1062
YBR088C,777,774
YBR096W,693,690
YBR101C,873,870
YBR102C,2262,2259
YBR105C,1089,1089
YBR106W,567,564
YBR107C,738,735
YBR109C,444,441
YBR110W,1350,1347
YBR111C,696,705
YBR114W,2373,2379
YBR118W,1377,1374
YBR120C,489,486
YBR121C,2004,2001
YBR123C,1950,1965
YBR125C,1182,1179
YBR126C,1488,1485
YBR127C,1554,1551
YBR128C,1035,1032
YBR129C,987,987
YBR130C,1278,1275
YBR131W,2115,2334
YBR132C,1791,1791
YBR133C,2484,2490
YBR135W,453,459
YBR137W,540,537
YBR138C,1575,1572
YBR139W,1527,1524
YBR141C,1014,1032
YBR142W,2322,2454
YBR143C,1314,1311
YBR145W,1056,1053
YBR146W,837,834
YBR147W,891,924
YBR148W,1830,1869
YBR149W,1035,2673
YBR150C,3285,3291
YBR151W,951,948
YBR152W,876,879
YBR153W,735,732
YBR154C,648,645
YBR155W,1158,1155
YBR156C,2097,2310
YBR158W,1650,1680
YBR159W,1044,1047
YBR161W,1131,1134
YBR162C,1368,1392
YBR163W,1758,1761
YBR165W,834,831
YBR166C,1359,1365
YBR167C,423,420
YBR168W,1242,1239
YBR169C,2082,2079
YBR170C,1743,1740
YBR171W,621,618
YBR173C,447,519
YBR175W,948,951
YBR176W,939,945
YBR177C,1356,1359
YBR179C,2568,2565
YBR180W,1719,1716
YBR182C,1359,1356
YBR183W,951,951
YBR184W,1572,1698
YBR185C,837,834
YBR187W,843,867
YBR193C,672,681
YBR194W,372,396
YBR195C,1269,1272
YBR196C,1665,1662
YBR197C,654,699
YBR198C,2397,2406
YBR199W,1395,1392
YBR201W,636,633
YBR202W,2538,2535
YBR203W,2775,2781
YBR205W,1215,1218
YBR207W,1398,1401
YBR211C,975,972
YBR212W,2019,2088
YBR213W,825,822
YBR214W,1584,1593
YBR216C,2025,2025
YBR217W,561,579
YBR222C,1632,1629
YBR225W,2703,2721
YBR227C,1563,1584
YBR228W,915,912
YBR233W,1242,1251
YBR234C,1155,1341
YBR235W,3363,3360
YBR236C,1311,1308
YBR237W,2550,2550
YBR240C,1353,1362
YBR241C,1467,1467
YBR242W,717,714
YBR246W,1164,1161
YBR247C,1452,1449
YBR248C,1659,1656
YBR249C,1113,1110
YBR250W,1572,1569
YBR251W,924,921
YBR252W,444,441
YBR253W,366,363
YBR254C,528,534
YBR255W,2085,2097
YBR256C,717,714
YBR257W,840,840
YBR258C,429,426
YBR259W,2067,2073
YBR260C,2001,1998
YBR261C,699,696
YBR262C,321,318
YBR265W,963,960
YBR267W,1182,1182
YBR268W,318,435
YBR270C,1638,1635
YBR271W,1260,1260
YBR272C,1443,1485
YBR273C,1311,1311
YBR278W,606,654
YBR279W,1338,1359
YBR281C,2637,2634
YBR282W,441,438
YBR283C,1473,1470
YBR284W,2394,2418
YBR285W,435,435
YBR287W,1284,1281
YBR288C,1452,1452
YBR289W,2718,2829
YBR290W,966,1068
YBR293W,1425,1707
YCL004W,1566,1563
YCL009C,930,927
YCL010C,780,864
YCL011C,1284,1302
YCL014W,4911,4959
YCL016C,1143,1140
YCL028W,1218,1311
YCL029C,1323,1338
YCL030C,2400,2397
YCL031C,894,891
YCL032W,1041,1038
YCL033C,507,552
YCL034W,1065,1068
YCL035C,333,330
YCL036W,1701,1920
YCL038C,1587,1584
YCL039W,2238,2319
YCL044C,1254,1251
YCL045C,2283,2424
YCL047C,777,825
YCL048W,1392,1389
YCL049C,939,936
YCL050C,966,963
YCL051W,1752,1776
YCL052C,1251,1254
YCL054W,2526,2526
YCL055W,1008,1089
YCL056C,435,432
YCL057W,2139,2136
YCL061C,3291,3558
YCL063W,1272,1278
YCR003W,552,549
YCR004C,744,747
YCR009C,798,795
YCR010C,852,849
YCR011C,3150,3165
YCR012W,1251,1248
YCR014C,1749,1755
YCR015C,954,966
YCR016W,873,873
YCR017C,2862,2865
YCR018C,666,666
YCR019W,1092,1092
YCR020C,648,645
YCR021C,999,999
YCR023C,1836,1833
YCR027C,630,627
YCR028C,1539,1545
YCR030C,2613,2619
YCR034W,1044,1041
YCR035C,1185,1182
YCR036W,1002,1002
YCR037C,2772,2916
YCR043C,384,381
YCR044C,1074,1077
YCR045C,1476,1593
YCR046C,510,510
YCR047C,828,825
YCR048W,1833,1881
YCR051W,669,741
YCR052W,1452,1464
YCR053W,1545,1542
YCR054C,1692,1692
YCR057C,2772,2778
YCR059C,777,939
YCR060W,336,438
YCR061W,1896,1941
YCR065W,1695,1716
YCR066W,1464,1461
YCR067C,3198,3348
YCR068W,1563,1560
YCR069W,957,957
YCR071C,441,438
YCR072C,1548,1545
YCR075C,783,780
YCR076C,753,750
YCR077C,2391,2469
YCR079W,1329,1326
YCR081W,4284,4311
YCR082W,387,474
YCR083W,384,387
YCR084C,2142,2154
YCR086W,573,570
YCR091W,2163,2175
YCR093W,6327,6540
YCR094W,1176,1173
YDL001W,1293,1296
YDL002C,612,609
YDL003W,1701,1701
YDL004W,483,480
YDL005C,1296,1347
YDL006W,846,843
YDL014W,984,1047
YDL015C,933,930
YDL017W,1524,1521
YDL018C,678,675
YDL019C,3852,3876
YDL027C,1263,1272
YDL028C,2295,2295
YDL030W,1593,1593
YDL031W,2988,3030
YDL033C,1254,1320
YDL035C,2886,2886
YDL042C,1689,1704
YDL043C,801,798
YDL044C,1323,1329
YDL045C,921,918
YDL046W,522,519
YDL047W,936,942
YDL049C,807,807
YDL051W,828,831
YDL052C,912,1014
YDL053C,558,576
YDL057W,987,984
YDL058W,5373,5409
YDL059C,717,720
YDL060W,2367,2376
YDL070W,1917,1932
YDL072C,612,609
YDL073W,2955,2967
YDL078C,1032,1029
YDL085W,1638,1635
YDL086W,822,819
YDL087C,786,831
YDL088C,1587,1605
YDL089W,1455,1482
YDL090C,1296,1305
YDL091C,1368,1365
YDL098C,585,696
YDL099W,1026,1269
YDL100C,1065,1530
YDL101C,1542,1545
YDL103C,1434,1431
YDL107W,1056,1053
YDL109C,1944,1956
YDL110C,453,450
YDL111C,798,795
YDL112W,4311,4308
YDL113C,1923,1953
YDL116W,2181,2184
YDL117W,2658,2664
YDL119C,924,921
YDL120W,525,522
YDL121C,450,447
YDL123W,423,603
YDL124W,939,936
YDL138W,2292,2307
YDL142C,852,849
YDL143W,1587,1587
YDL145C,3606,3603
YDL146W,1476,1473
YDL147W,1338,1335
YDL148C,2433,2430
YDL149W,2994,3063
YDL150W,1269,1272
YDL153C,1833,1839
YDL154W,2706,2715
YDL155W,1284,1287
YDL156W,1569,1569
YDL157C,357,354
YDL161W,1365,1419
YDL165W,576,660
YDL166C,594,618
YDL167C,2160,2292
YDL168W,1161,1158
YDL169C,672,672
YDL170W,1587,1587
YDL173W,888,951
YDL175C,1035,1032
YDL176W,2127,2127
YDL177C,513,606
YDL178W,1593,1593
YDL179W,915,921
YDL180W,1644,1653
YDL193W,1128,1125
YDL194W,2655,2679
YDL195W,3822,3840
YDL197C,1578,1704
YDL198C,903,900
YDL199C,2064,2061
YDL201W,861,858
YDL202W,750,747
YDL203C,1872,1872
YDL204W,1182,1260
YDL205C,984,981
YDL206W,2289,2298
YDL207W,1617,1614
YDL212W,633,630
YDL213C,678,678
YDL214C,2100,2109
YDL215C,3279,3276
YDL217C,624,648
YDL218W,954,975
YDL220C,2775,2931
YDL224C,1950,1956
YDL225W,1656,1653
YDL226C,1059,1071
YDL227C,1761,1758
YDL229W,1842,1842
YDL230W,1008,1026
YDL235C,504,501
YDL236W,939,1032
YDL237W,1173,1170
YDL238C,1470,1467
YDL239C,2373,2382
YDR001C,2256,2256
YDR003W,633,633
YDR004W,1383,1383
YDR009W,1563,1566
YDR030C,1521,1524
YDR032C,597,594
YDR033W,963,966
YDR036C,1503,1503
YDR042C,603,603
YDR043C,696,696
YDR044W,987,984
YDR045C,333,330
YDR049W,1899,1908
YDR052C,2115,2142
YDR054C,888,891
YDR055W,1335,1359
YDR056C,618,615
YDR057W,1629,1755
YDR058C,981,978
YDR061W,1620,1635
YDR062W,1686,1683
YDR063W,450,447
YDR065W,1098,1101
YDR066C,591,600
YDR067C,675,684
YDR068W,933,945
YDR072C,1584,1584
YDR073W,510,513
YDR075W,927,924
YDR076W,1221,1224
YDR077W,1017,1029
YDR078C,672,669
YDR079W,336,333
YDR084C,600,597
YDR085C,1863,1878
YDR086C,243,240
YDR087C,837,843
YDR088C,1149,1152
YDR099W,822,825
YDR100W,432,429
YDR101C,1782,1779
YDR103W,2754,2784
YDR104C,3738,3762
YDR106W,855,879
YDR107C,2019,2070
YDR109C,2148,2196
YDR111C,1524,1521
YDR113C,1122,1140
YDR115W,318,315
YDR116C,858,855
YDR117C,1698,1695
YDR118W,1959,1977
YDR119W,2307,2376
YDR120C,1713,1710
YDR121W,591,612
YDR125C,1362,1371
YDR126W,1011,1014
YDR127W,4767,4764
YDR131C,1671,1671
YDR137W,1992,1989
YDR138W,2259,2259
YDR140W,666,666
YDR142C,1128,1134
YDR143C,1833,1917
YDR145W,1620,1866
YDR152W,798,801
YDR153C,1236,1254
YDR155C,489,486
YDR156W,414,609
YDR158W,1098,1095
YDR159W,3906,3930
YDR160W,2559,2571
YDR161W,1164,1161
YDR162C,711,708
YDR163W,528,525
YDR164C,2175,2172
YDR165W,1335,1341
YDR166C,2916,2925
YDR167W,621,624
YDR168W,1521,1518
YDR169C,1542,1548
YDR170C,6030,6042
YDR171W,1128,1131
YDR175C,960,981
YDR176W,2109,2106
YDR177W,648,645
YDR178W,546,543
YDR179C,489,495
YDR180W,4482,4491
YDR181C,1446,1476
YDR182W,1476,1479
YDR183W,693,690
YDR184C,885,888
YDR185C,540,537
YDR188W,1641,1644
YDR189W,2001,1998
YDR190C,1392,1389
YDR191W,1113,1125
YDR192C,1293,1896
YDR194C,1995,1998
YDR201W,498,507
YDR202C,1056,1053
YDR204W,1008,1005
YDR206W,2655,2682
YDR207C,2511,2583
YDR210W,228,234
YDR212W,1680,1677
YDR213W,2742,2805
YDR214W,1053,1050
YDR216W,3972,4023
YDR217C,3930,3981
YDR218C,1272,1269
YDR219C,1398,1395
YDR221W,2109,2142
YDR222W,1248,1263
YDR223W,1404,1713
YDR226W,669,666
YDR227W,4077,4263
YDR228C,1881,1902
YDR229W,1362,1377
YDR231C,618,624
YDR233C,888,897
YDR234W,2082,2079
YDR239C,2364,2373
YDR240C,1479,1476
YDR242W,1650,1668
YDR244W,1839,1842
YDR245W,1182,1182
YDR246W,660,681
YDR248C,582,579
YDR249C,1122,1119
YDR251W,2493,2571
YDR252W,450,447
YDR253C,576,579
YDR254W,1377,1377
YDR255C,1266,1263
YDR256C,1548,1545
YDR257C,1485,1515
YDR258C,2436,2433
YDR263C,1293,1293
YDR265W,1014,1011
YDR266C,1920,1929
YDR267C,993,990
YDR268W,1140,1137
YDR270W,3015,3021
YDR272W,825,822
YDR273W,1098,1158
YDR275W,708,714
YDR276C,168,165
YDR277C,1302,1299
YDR279W,1053,1101
YDR280W,918,915
YDR281C,315,312
YDR282C,1245,1275
YDR284C,870,873
YDR288W,912,930
YDR293C,3753,3774
YDR294C,1770,1767
YDR295C,2025,2022
YDR297W,1050,1047
YDR301W,4074,4086
YDR302W,660,798
YDR303C,2658,2697
YDR304C,678,687
YDR306C,1437,1440
YDR307W,1989,2085
YDR308C,423,420
YDR310C,3189,3237
YDR316W,1416,1416
YDR317W,1245,1245
YDR319C,825,822
YDR321W,1146,1143
YDR322W,1104,1119
YDR323C,1548,1596
YDR324C,2331,3288
YDR326C,4317,4386
YDR328C,585,690
YDR329C,1326,1323
YDR330W,1503,1566
YDR331W,1236,1233
YDR332W,2070,2067
YDR333C,2172,2178
YDR334W,4545,4566
YDR335W,3675,4182
YDR336W,945,963
YDR337W,861,858
YDR338C,2088,2085
YDR339C,570,567
YDR347W,966,963
YDR348C,1500,1521
YDR349C,1791,1794
YDR350C,1836,2055
YDR351W,2595,2598
YDR352W,954,966
YDR353W,960,957
YDR354W,1143,1152
YDR356W,2835,2832
YDR357C,369,366
YDR358W,1674,1674
YDR361C,852,852
YDR364C,1368,1374
YDR368W,939,936
YDR369C,2565,2613
YDR370C,1329,1347
YDR371W,1536,1536
YDR372C,1038,1041
YDR373W,573,570
YDR374C,921,924
YDR375C,1371,1419
YDR376W,1482,1485
YDR377W,306,303
YDR384C,828,828
YDR385W,2529,2532
YDR386W,1899,1896
YDR387C,1668,1665
YDR388W,1449,1452
YDR389W,1965,1977
YDR390C,1911,2112
YDR391C,699,708
YDR392W,1014,1011
YDR393W,1371,1374
YDR395W,2835,2832
YDR398W,1932,1938
YDR399W,666,663
YDR402C,1470,1467
YDR408C,645,648
YDR409W,2715,2820
YDR410C,720,723
YDR427W,1182,1179
YDR428C,786,786
YDR429C,825,822
YDR430C,2970,2967
YDR432W,1245,1296
YDR434W,1605,1608
YDR435C,987,984
YDR436W,2133,2145
YDR437W,423,420
YDR438W,1113,1176
YDR439W,1044,1062
YDR440W,1749,1767
YDR441C,546,543
YDR443C,4263,4299
YDR444W,2064,2061
YDR446W,909,915
YDR448W,1305,1302
YDR449C,1323,1320
YDR451C,1062,1074
YDR452W,2025,2031
YDR454C,564,561
YDR456W,1902,1899
YDR458C,1992,2007
YDR459C,1125,1164
YDR464W,4308,4398
YDR465C,1239,1239
YDR466W,2697,2925
YDR468C,675,672
YDR469W,528,528
YDR476C,675,738
YDR477W,1902,1902
YDR478W,597,609
YDR479C,1665,1662
YDR480W,972,993
YDR481C,1701,1698
YDR482C,408,423
YDR483W,1329,1344
YDR484W,1926,1926
YDR487C,627,696
YDR489W,885,885
YDR490C,2301,2298
YDR492W,951,948
YDR493W,372,513
YDR495C,3036,3078
YDR496C,1971,1992
YDR497C,1755,1752
YDR498C,1152,1167
YDR502C,1155,1152
YDR503C,825,834
YDR505C,2526,2556
YDR511W,402,399
YDR513W,432,597
YDR514C,1452,1449
YDR515W,1344,1356
YDR516C,1503,1500
YDR517W,1119,1131
YDR518W,1554,1734
YDR519W,408,408
YDR520C,2319,2391
YDR524C,1449,1479
YDR527W,1320,1317
YDR528W,1272,1269
YDR529C,384,381
YDR530C,978,975
YDR531W,1104,1101
YDR532C,1158,1158
YDR538W,729,726
YEL001C,678,675
YEL002C,1293,1290
YEL004W,1029,1026
YEL005C,849,1086
YEL006W,1008,1014
YEL015W,1656,1701
YEL016C,1482,1482
YEL019C,804,801
YEL020C,1683,1683
YEL023C,2049,2046
YEL024W,648,645
YEL025C,3567,3618
YEL026W,381,378
YEL030W,1935,1938
YEL031W,3648,3645
YEL034W,474,471
YEL036C,1503,1521
YEL037C,1197,1233
YEL039C,342,339
YEL040W,1404,1428
YEL041W,1488,1506
YEL042W,1557,1557
YEL047C,1413,1410
YEL048C,459,456
YEL049W,363,363
YEL050C,1182,1179
YEL051W,771,780
YEL052W,1530,1530
YEL053C,2202,2199
YEL054C,498,495
YEL055C,3069,3078
YEL056W,1206,1281
YEL057C,702,702
YEL058W,1674,1671
YEL060C,1908,2043
YEL063C,1773,1770
YEL064C,1443,1449
YEL065W,1887,1884
YER001W,2289,2313
YER002W,696,699
YER004W,696,837
YER005W,1893,1893
YER006W,1563,1560
YER007W,1557,1587
YER008C,4011,4140
YER009W,378,453
YER010C,705,753
YER011W,765,801
YER012W,597,594
YER013W,3438,3441
YER014W,1620,1617
YER015W,2235,2232
YER016W,1035,1167
YER017C,2286,2307
YER018C,666,675
YER019W,1434,1431
YER020W,1350,1404
YER021W,1572,1569
YER022W,2064,2064
YER023W,861,924
YER025W,1584,1581
YER026C,831,828
YER027C,1254,1269
YER028C,1185,1230
YER029C,591,597
YER031C,672,669
YER033C,3231,3297
YER034W,558,570
YER035W,438,522
YER037W,966,963
YER038C,1395,1428
YER040W,2193,2202
YER041W,2280,2307
YER042W,555,552
YER043C,1350,1347
YER044C,447,444
YER045C,1470,1602
YER046W,432,429
YER047C,2694,2703
YER049W,1935,1950
YER051W,1479,1479
YER052C,1584,1581
YER058W,324,321
YER059W,1263,1278
YER062C,753,750
YER063W,657,657
YER064C,1518,1557
YER066W,558,1161
YER067W,486,483
YER068W,1764,1764
YER070W,2667,2664
YER071C,381,414
YER072W,390,387
YER078C,1536,1539
YER079W,633,636
YER080W,1884,1887
YER081W,1410,1407
YER082C,1665,1785
YER085C,522,636
YER086W,1731,1728
YER087W,1731,1728
YER088C,2013,2067
YER089C,1395,1416
YER090W,1524,1521
YER091C,2304,2301
YER092W,378,378
YER093C,4293,4293
YER094C,618,615
YER095W,1203,1200
YER098W,2265,2271
YER099C,957,954
YER100W,753,750
YER101C,1293,1290
YER103W,1929,1926
YER104W,627,657
YER105C,4176,4182
YER106W,909,942
YER107C,1098,1095
YER110C,3342,3339
YER111C,3282,3348
YER112W,564,582
YER113C,2121,2118
YER114C,3123,3138
YER115C,576,573
YER116C,825,825
YER118C,1104,1104
YER119C,1347,1344
YER120W,735,738
YER122C,1482,1497
YER123W,1575,1575
YER124C,1722,1749
YER125W,2430,2427
YER126C,786,783
YER127W,1074,1077
YER128W,612,657
YER129W,3429,3438
YER130C,1332,1365
YER132C,5262,5289
YER136W,1356,1353
YER140W,1671,1668
YER141W,1461,1458
YER142C,891,1035
YER143W,1287,1449
YER144C,2418,2427
YER145C,1215,1215
YER146W,282,357
YER147C,1875,1914
YER148W,723,720
YER149C,1263,1260
YER150W,447,444
YER153C,765,918
YER154W,1209,2139
YER155C,6504,6540
YER156C,1017,1047
YER158C,1722,1743
YER159C,429,426
YER164W,4407,4410
YER165W,1734,1731
YER167W,2556,2568
YER168C,1641,1638
YER169W,2391,2421
YER170W,678,705
YER171W,2337,2334
YER172C,6492,6492
YER173W,1980,2061
YER174C,735,732
YER175C,900,897
YER176W,3366,3423
YER177W,804,825
YFL001W,1329,1332
YFL003C,2637,2634
YFL004W,2487,2490
YFL005W,648,645
YFL008W,3678,3792
YFL009W,2340,2349
YFL010C,636,642
YFL011W,1641,1638
YFL012W,447,669
YFL013C,2079,2160
YFL014W,330,327
YFL016C,1536,1554
YFL017C,480,477
YFL023W,2391,2415
YFL024C,2499,2580
YFL025C,3090,3090
YFL026W,1296,1491
YFL027C,1494,1491
YFL028C,870,867
YFL029C,1107,1104
YFL036W,4056,4056
YFL037W,1374,1371
YFL038C,621,618
YFL040W,1623,1620
YFL041W,1869,2187
YFL042C,2025,2112
YFL044C,906,906
YFL045C,765,762
YFL046W,624,624
YFL047W,2145,2187
YFL048C,1338,1335
YFL049W,1872,1881
YFL050C,2577,2589
YFR001W,615,612
YFR002W,2520,2517
YFR003C,468,498
YFR004W,921,918
YFR005C,1347,1386
YFR006W,1608,1605
YFR007W,1062,1059
YFR010W,1500,1500
YFR011C,513,510
YFR014C,1341,1338
YFR015C,2127,2127
YFR016C,3702,4134
YFR017C,588,624
YFR022W,2202,2199
YFR027W,846,843
YFR028C,1656,1656
YFR029W,2037,2046
YFR031C,3513,3510
YFR032C,870,1080
YFR037C,1674,1677
YFR039C,1533,1536
YFR041C,888,885
YFR042W,603,603
YFR043C,714,873
YFR044C,1446,1608
YFR046C,1086,1119
YFR047C,888,990
YFR048W,1989,1989
YFR049W,372,369
YFR050C,801,798
YFR051C,1641,1797
YFR052W,825,822
YGL001C,1050,1047
YGL002W,651,648
YGL003C,1701,1698
YGL004C,1254,1260
YGL005C,840,999
YGL006W,3522,3546
YGL008C,2757,2757
YGL010W,525,522
YGL011C,759,756
YGL012W,1422,1419
YGL013C,3207,3228
YGL014W,2667,2736
YGL015C,393,399
YGL016W,3246,3243
YGL017W,1512,1509
YGL018C,555,618
YGL019W,837,837
YGL020C,708,705
YGL022W,2157,2262
YGL023C,1908,2016
YGL026C,2124,2124
YGL027C,2502,2499
YGL028C,1629,1707
YGL036W,2730,2859
YGL037C,651,648
YGL038C,1443,1455
YGL039W,1047,1044
YGL044C,891,927
YGL047W,609,606
YGL048C,1218,1215
YGL049C,2745,2979
YGL055W,1533,1530
YGL056C,1584,1581
YGL057C,864,861
YGL058W,519,519
YGL061C,744,747
YGL062W,3537,3534
YGL063W,1113,1248
YGL064C,1686,1746
YGL065C,1512,1512
YGL067W,1155,1152
YGL068W,585,609
YGL070C,369,468
YGL071W,2073,2100
YGL073W,2502,2559
YGL078C,1572,1569
YGL079W,657,654
YGL080W,393,540
YGL081W,963,972
YGL082W,1146,1149
YGL083W,2415,2439
YGL084C,1683,1680
YGL085W,825,822
YGL089C,363,405
YGL090W,1266,1281
YGL092W,3954,4002
YGL093W,2754,2775
YGL094C,3348,3345
YGL095C,1734,1731
YGL096W,831,849
YGL097W,1449,1446
YGL099W,1923,1932
YGL100W,1050,1050
YGL101W,648,645
YGL104C,1461,1518
YGL105W,1131,1134
YGL106W,450,531
YGL107C,1941,1953
YGL108C,423,423
YGL110C,1875,1878
YGL111W,1392,1404
YGL112C,1551,1548
YGL113W,2007,2016
YGL114W,2178,2175
YGL115W,969,966
YGL117W,798,801
YGL119W,1506,1503
YGL120C,2304,2301
YGL121C,381,378
YGL122C,1578,1578
YGL123W,765,765
YGL124C,1935,1932
YGL126W,1143,1173
YGL127C,384,381
YGL129C,1467,1464
YGL130W,1380,1377
YGL131C,4212,4221
YGL133W,3795,3831
YGL134W,1302,1344
YGL135W,654,651
YGL136C,963,1056
YGL138C,1038,1041
YGL142C,1851,1848
YGL144C,2058,2130
YGL145W,2106,2190
YGL146C,936,948
YGL147C,576,573
YGL151W,3399,3405
YGL153W,1026,1026
YGL154C,819,816
YGL155W,1131,1158
YGL156W,3252,3249
YGL157W,1044,1047
YGL158W,1539,1590
YGL159W,1113,1134
YGL160W,1713,1716
YGL161C,933,939
YGL162W,900,936
YGL164C,1323,1335
YGL166W,678,696
YGL169W,1281,1278
YGL170C,1242,1239
YGL171W,1695,1695
YGL172W,1419,1476
YGL174W,801,798
YGL175C,1038,1041
YGL180W,2694,2712
YGL181W,1191,1227
YGL184C,1398,1395
YGL185C,1140,1137
YGL186C,1740,1740
YGL190C,1581,1587
YGL191W,390,387
YGL192W,1803,1854
YGL194C,1359,1356
YGL195W,8019,8016
YGL197W,4464,4476
YGL206C,4962,4959
YGL219C,1380,1389
YGL220W,363,360
YGL222C,528,555
YGL223C,1254,1257
YGL224C,843,840
YGL225W,1014,1014
YGL228W,1734,1830
YGL229C,2457,2472
YGL230C,444,444
YGL231C,573,570
YGL233W,2733,2730
YGL234W,2409,2406
YGL237C,798,813
YGL238W,2883,2880
YGL241W,3015,3024
YGL242C,546,543
YGL243W,1203,1203
YGL244W,1677,1710
YGL246C,1164,1167
YGL247W,594,594
YGL248W,1110,1107
YGL249W,2115,2124
YGL252C,1767,1962
YGL253W,1461,1458
YGL254W,900,933
YGR002C,1431,1491
YGR003W,2235,2238
YGR004W,1389,1395
YGR005C,1203,1200
YGR007W,972,969
YGR008C,255,252
YGR009C,1956,1962
YGR010W,1188,1185
YGR012W,1182,1242
YGR013W,1863,1860
YGR014W,3921,4080
YGR015C,987,1239
YGR016W,573,570
YGR019W,1416,1413
YGR020C,357,354
YGR026W,837,834
YGR028W,1089,1101
YGR030C,477,579
YGR031W,1029,1026
YGR032W,5688,5691
YGR036C,720,717
YGR037C,264,405
YGR038W,669,666
YGR040W,1107,1104
YGR041W,1644,1659
YGR042W,816,813
YGR043C,1002,999
YGR044C,903,912
YGR046W,1158,1155
YGR047C,3078,3078
YGR048W,1086,1089
YGR049W,564,561
YGR053C,852,849
YGR054W,1929,1926
YGR056W,2787,2784
YGR058W,1008,1011
YGR059W,1539,1536
YGR060W,930,927
YGR062C,951,948
YGR063C,309,306
YGR065C,1782,1818
YGR068C,1761,1758
YGR070W,3468,3474
YGR071C,2583,2622
YGR072W,1164,1173
YGR074W,441,447
YGR075C,729,747
YGR076C,474,471
YGR077C,1770,1821
YGR078C,600,600
YGR079W,1113,1158
YGR080W,999,1005
YGR081C,633,633
YGR082W,552,549
YGR083C,1956,1959
YGR084C,1020,1017
YGR085C,525,522
YGR089W,2811,2832
YGR091W,1485,1539
YGR093W,1524,1524
YGR094W,3315,3312
YGR096W,945,948
YGR098C,4893,4890
YGR100W,2853,2850
YGR101W,1041,1053
YGR102C,552,552
YGR103W,1818,1818
YGR104C,924,924
YGR105W,234,231
YGR106C,798,804
YGR109C,1143,1161
YGR111W,1203,1200
YGR112W,1170,1167
YGR113W,1032,1032
YGR116W,4356,4353
YGR121C,1479,1485
YGR126W,693,690
YGR127W,939,939
YGR128C,2142,2142
YGR129W,648,645
YGR131W,525,522
YGR132C,864,861
YGR133W,552,579
YGR135W,777,774
YGR136W,726,747
YGR142W,1233,1248
YGR145W,2124,2124
YGR146C,636,636
YGR147C,867,864
YGR149W,1299,1296
YGR150C,2595,2700
YGR152C,819,816
YGR156W,1278,1314
YGR157W,2610,2610
YGR158C,753,768
YGR159C,1245,1278
YGR162W,2859,2907
YGR163W,1026,1023
YGR165W,1038,1035
YGR166W,1683,1683
YGR167W,702,708
YGR168C,1131,1128
YGR169C,1215,1266
YGR170W,3417,3438
YGR171C,1728,1725
YGR173W,1107,1104
YGR174C,513,510
YGR178C,2169,2172
YGR179C,1221,1236
YGR180C,1038,1038
YGR185C,1185,1182
YGR187C,1185,1224
YGR191W,1812,1809
YGR192C,999,2760
YGR193C,1233,1260
YGR194C,1803,1809
YGR195W,741,738
YGR196C,2454,2592
YGR198W,2454,2460
YGR199W,2280,2277
YGR202C,1275,1308
YGR203W,447,465
YGR204W,2841,2838
YGR205W,873,873
YGR206W,306,303
YGR207C,786,783
YGR208W,930,927
YGR209C,315,312
YGR212W,1407,1404
YGR213C,954,951
YGR215W,333,330
YGR220C,810,822
YGR221C,1869,1932
YGR222W,882,891
YGR227W,1578,1575
YGR229C,1518,1581
YGR230W,414,462
YGR232W,687,684
YGR234W,1200,1197
YGR235C,702,699
YGR237C,2358,2379
YGR238C,2649,2715
YGR239C,867,864
YGR240C,2964,2961
YGR241C,1707,1842
YGR243W,441,438
YGR244C,1284,1281
YGR245C,2304,2304
YGR246C,1791,1806
YGR247W,720,735
YGR248W,768,765
YGR249W,1371,1428
YGR250C,2346,2352
YGR251W,591,603
YGR252W,1320,1317
YGR253C,783,780
YGR254W,1314,1311
YGR255C,1440,1437
YGR256W,1479,1482
YGR257C,1101,1098
YGR261C,2430,2451
YGR262C,786,783
YGR263C,1275,1302
YGR264C,2256,2253
YGR266W,2106,2115
YGR267C,732,729
YGR268C,597,594
YGR270W,4140,4200
YGR276C,1662,1662
YGR277C,918,984
YGR283C,1026,1032
YGR284C,933,930
YGR285C,1302,1422
YHL003C,1236,1233
YHL004W,1185,1185
YHL007C,2820,2832
YHL008C,1884,1908
YHL009C,993,1029
YHL010C,1758,1758
YHL011C,963,960
YHL012W,1482,1482
YHL013C,924,936
YHL014C,1218,1215
YHL015W,366,363
YHL016C,2208,2208
YHL019C,1818,1836
YHL020C,1215,1215
YHL021C,1398,1401
YHL022C,1197,1194
YHL023C,3441,3453
YHL030W,5607,5607
YHL031C,672,669
YHL032C,2130,2196
YHL033C,771,768
YHL034C,885,882
YHL035C,4779,4797
YHL036W,1641,1638
YHL038C,1893,1971
YHR003C,1290,1449
YHR005C,1419,1416
YHR006W,1626,1635
YHR007C,1593,1590
YHR008C,702,699
YHR013C,717,714
YHR017W,1158,1173
YHR018C,1392,1389
YHR019C,1665,1662
YHR024C,1449,1446
YHR025W,1074,1071
YHR026W,642,639
YHR027C,2982,2982
YHR028C,2457,2454
YHR029C,885,882
YHR030C,1455,1458
YHR032W,1746,1863
YHR034C,1035,1116
YHR036W,1416,1422
YHR037W,1728,1725
YHR038W,693,690
YHR046C,888,885
YHR049W,732,1074
YHR058C,888,897
YHR059W,393,390
YHR060W,546,576
YHR061C,945,957
YHR062C,882,879
YHR063C,1140,1137
YHR066W,1362,1365
YHR067W,843,840
YHR068W,1164,1161
YHR069C,1080,1083
YHR073W,2991,2997
YHR074W,2145,2142
YHR075C,1203,1200
YHR078W,1659,1659
YHR083W,990,1026
YHR084W,2067,2064
YHR085W,1005,1005
YHR086W,1572,1626
YHR087W,336,333
YHR088W,888,909
YHR090C,849,846
YHR091C,1932,1932
YHR094C,1713,1710
YHR096C,1779,1776
YHR100C,558,555
YHR102W,3243,3396
YHR103W,2559,2565
YHR104W,984,981
YHR105W,645,642
YHR106W,1029,1032
YHR107C,1224,1221
YHR108W,1758,1764
YHR109W,1758,1824
YHR110W,639,636
YHR111W,1323,1320
YHR112C,1137,1260
YHR113W,1473,1470
YHR114W,1902,1902
YHR118C,1308,1305
YHR120W,2880,2877
YHR121W,564,561
YHR122W,696,693
YHR124W,1884,1899
YHR126C,480,801
YHR127W,732,768
YHR129C,1155,1152
YHR132C,1293,1296
YHR133C,876,876
YHR134W,810,819
YHR136C,447,450
YHR137W,1542,1683
YHR138C,345,396
YHR139C,981,1119
YHR143W,978,1053
YHR144C,939,936
YHR146W,1398,1446
YHR147C,645,642
YHR148W,552,549
YHR149C,2205,2226
YHR151C,1581,1584
YHR152W,522,552
YHR153C,597,600
YHR154W,3213,3267
YHR156C,1023,1062
YHR157W,549,720
YHR158C,3495,3564
YHR159W,1515,1536
YHR160C,852,852
YHR161C,1914,1926
YHR162W,390,387
YHR164C,4569,4575
YHR165C,7242,7275
YHR166C,1881,1878
YHR167W,786,792
YHR168W,1500,1560
YHR169W,1296,1311
YHR170W,1557,1560
YHR171W,1893,1890
YHR174W,1314,1311
YHR175W,570,567
YHR177W,1362,1518
YHR178W,2232,2244
YHR182W,2358,2364
YHR183W,1470,1467
YHR184W,1716,1737
YHR185C,714,717
YHR186C,4674,4680
YHR187W,930,993
YHR188C,1833,1836
YHR189W,573,570
YHR190W,1335,1332
YHR191C,402,465
YHR192W,837,855
YHR193C,525,522
YHR194W,1740,1770
YHR195W,966,978
YHR196W,1728,1731
YHR197W,2292,2298
YHR198C,966,1131
YHR199C,933,930
YHR200W,807,858
YHR201C,1194,1191
YHR202W,1809,1809
YHR204W,2391,2391
YHR205W,2475,2502
YHR206W,1869,1875
YHR207C,1581,1584
YHR208W,1182,1179
YIL001W,1542,1539
YIL002C,2841,2838
YIL003W,882,882
YIL005W,2106,2103
YIL006W,1122,1161
YIL007C,663,669
YIL010W,648,645
YIL011W,810,879
YIL013C,4236,4242
YIL016W,480,477
YIL017C,2766,2778
YIL019W,1041,1119
YIL020C,786,882
YIL021W,957,957
YIL022W,1296,1305
YIL023C,1041,1086
YIL024C,570,570
YIL026C,3453,3468
YIL031W,3105,3261
YIL033C,1251,1248
YIL034C,864,861
YIL035C,1119,1116
YIL036W,1764,1902
YIL037C,1971,1974
YIL038C,2511,2541
YIL039W,1422,1419
YIL040W,417,414
YIL041W,981,978
YIL042C,1185,1185
YIL044C,897,894
YIL046W,1923,1935
YIL049W,762,759
YIL050W,858,858
YIL055C,1884,1902
YIL056W,1923,1932
YIL062C,465,462
YIL063C,984,1005
YIL064W,774,771
YIL065C,468,465
YIL066C,2610,2607
YIL067C,2037,2034
YIL071C,1335,1353
YIL072W,1818,1815
YIL074C,1410,1407
YIL075C,2838,2850
YIL084C,984,981
YIL085C,1554,1551
YIL087C,474,471
YIL091C,2166,2175
YIL092W,1902,2019
YIL093C,795,792
YIL094C,1116,1113
YIL095W,2433,2442
YIL096C,1011,1008
YIL097W,1551,1551
YIL098C,468,465
YIL104C,1524,1539
YIL105C,2061,2061
YIL107C,2484,2487
YIL108W,2091,2091
YIL109C,2781,2784
YIL110W,1134,1131
YIL112W,3252,3471
YIL113W,630,627
YIL114C,846,879
YIL115C,4383,4677
YIL116W,1158,1164
YIL117C,957,984
YIL118W,696,696
YIL123W,1428,1458
YIL124W,894,894
YIL125W,3045,3042
YIL126W,4080,4089
YIL127C,621,618
YIL128W,3099,3201
YIL132C,642,699
YIL134W,936,942
YIL135C,1311,1329
YIL136W,1182,1179
YIL138C,486,483
YIL139C,738,744
YIL140W,2472,2490
YIL142W,1584,1581
YIL143C,2532,2532
YIL144W,2076,2076
YIL146C,1590,1617
YIL150C,1716,1716
YIL151C,3357,3354
YIL152W,708,765
YIL153W,1182,1359
YIL154C,1041,1047
YIL155C,1950,1947
YIL156W,3216,3225
YIL157C,594,591
YIL158W,615,612
YIL159W,4128,4158
YIL160C,1254,1251
YIL161W,708,780
YIL162W,1599,1599
YIR001C,753,750
YIR002C,2982,2988
YIR003W,2040,2085
YIR004W,1299,1296
YIR005W,447,447
YIR007W,2295,2295
YIR008C,1230,1233
YIR009W,336,333
YIR010W,1731,1731
YIR011C,960,1293
YIR012W,1296,1368
YIR013C,366,363
YIR015W,435,522
YIR016W,798,894
YIR017C,564,570
YIR022W,504,501
YIR023W,2913,2946
YIR024C,651,648
YIR025W,1107,1170
YIR026C,1095,1092
YIR027C,1383,1380
YIR028W,1908,1908
YIR029W,1032,1029
YIR030C,735,738
YIR031C,1665,1662
YIR032C,588,717
YIR033W,3342,3369
YIR034C,1122,1191
YIR035C,765,762
YIR036C,792,789
YIR037W,492,489
YJL002C,1431,1428
YJL003W,357,354
YJL004C,612,609
YJL010C,2001,1998
YJL014W,1605,1605
YJL020C,3474,3585
YJL023C,1044,1041
YJL025W,1545,1656
YJL029C,2469,2598
YJL030W,591,588
YJL033W,2313,2310
YJL042W,4197,4296
YJL043W,774,942
YJL044C,1377,1383
YJL047C,2529,2547
YJL048C,1191,1248
YJL049W,1353,1470
YJL050W,3222,3225
YJL051W,2469,2496
YJL058C,1632,1632
YJL059W,1227,1224
YJL060W,1335,1332
YJL061W,2142,2154
YJL062W,2493,2499
YJL063C,717,714
YJL065C,504,504
YJL066C,759,756
YJL068C,900,897
YJL072C,642,645
YJL073W,1938,1947
YJL081C,1470,1467
YJL082W,2196,2193
YJL085W,1872,1869
YJL087C,2484,2499
YJL088W,1017,1014
YJL089W,2490,2547
YJL093C,2076,2076
YJL094C,2622,2619
YJL098W,3177,3189
YJL099W,2241,2238
YJL100W,1824,1821
YJL101C,2037,2034
YJL104W,450,447
YJL105W,1683,1746
YJL106W,1938,1941
YJL109C,5310,5310
YJL110C,1656,1662
YJL111W,1653,1653
YJL116C,1014,1014
YJL117W,936,933
YJL118W,660,954
YJL121C,717,714
YJL122W,528,585
YJL123C,1437,1542
YJL124C,519,516
YJL125C,1152,1161
YJL126W,924,921
YJL129C,3708,3762
YJL130C,6645,6642
YJL131C,1071,1086
YJL132W,2253,2385
YJL133W,945,942
YJL138C,1188,1188
YJL139C,1287,1299
YJL140W,666,663
YJL141C,2424,2439
YJL143W,477,474
YJL144W,315,414
YJL145W,885,888
YJL146W,1410,1407
YJL147C,1149,1152
YJL148W,702,705
YJL149W,1992,1998
YJL151C,402,408
YJL154C,2835,2832
YJL155C,1359,1356
YJL158C,684,699
YJL161W,543,540
YJL163C,1668,1677
YJL164C,1194,1191
YJL165C,2568,2568
YJL166W,285,282
YJL167W,1059,1056
YJL168C,2202,2211
YJL171C,1191,1188
YJL173C,369,366
YJL174W,831,831
YJL176C,2478,2532
YJL179W,330,327
YJL180C,978,978
YJL181W,1836,1842
YJL183W,1269,1266
YJL184W,372,372
YJL185C,882,879
YJL186W,1761,1758
YJL192C,705,702
YJL193W,1209,1206
YJL194W,1542,1539
YJL196C,933,942
YJL201W,1800,1842
YJL203W,843,855
YJL207C,6045,6042
YJL208C,990,987
YJL209W,1965,1962
YJL210W,816,813
YJL212C,2400,2403
YJR001W,1809,1809
YJR004C,1953,2019
YJR006W,1464,1692
YJR007W,915,912
YJR008W,1017,1017
YJR009C,999,996
YJR010W,1536,1533
YJR011C,786,783
YJR012C,624,642
YJR014W,597,597
YJR015W,1533,3561
YJR016C,1758,1755
YJR019C,1050,1047
YJR024C,735,732
YJR025C,534,531
YJR030C,2238,2535
YJR031C,4227,4326
YJR032W,1182,1182
YJR033C,4074,4089
YJR034W,327,324
YJR039W,3366,3372
YJR041C,3525,3651
YJR042W,2235,2235
YJR043C,1053,1059
YJR044C,423,426
YJR045C,1965,1977
YJR049C,1593,1599
YJR050W,708,726
YJR052W,1698,1704
YJR053W,1725,1761
YJR054W,1494,1515
YJR055W,495,495
YJR056C,711,711
YJR057W,651,657
YJR058C,444,441
YJR059W,2457,2460
YJR060W,1056,1077
YJR061W,2808,2811
YJR062C,1374,1392
YJR063W,378,375
YJR064W,1689,1692
YJR065C,1350,1350
YJR066W,7413,7422
YJR067C,426,495
YJR068W,1062,1059
YJR069C,594,591
YJR070C,978,975
YJR072C,1158,1173
YJR073C,621,618
YJR074W,657,654
YJR075W,1191,1191
YJR076C,1248,1245
YJR077C,936,933
YJR080C,1185,1182
YJR082C,342,339
YJR083C,930,945
YJR084W,1272,1338
YJR089W,2865,2919
YJR090C,3456,3471
YJR091C,3276,3375
YJR093C,984,999
YJR096W,849,846
YJR097W,519,516
YJR098C,1968,1977
YJR099W,711,714
YJR100C,984,981
YJR102C,609,609
YJR103W,1695,1740
YJR110W,2067,2064
YJR111C,852,849
YJR112W,606,693
YJR113C,744,801
YJR115W,510,507
YJR116W,840,837
YJR117W,1362,1359
YJR118C,612,609
YJR119C,2187,2193
YJR121W,1536,1533
YJR122W,1494,1491
YJR123W,678,675
YJR124C,1347,1347
YJR125C,1227,1239
YJR126C,2436,2433
YJR127C,4143,4176
YJR129C,1020,1026
YJR130C,1920,1917
YJR131W,1650,1656
YJR132W,3147,3147
YJR133W,630,627
YJR134C,2124,2127
YJR135C,720,717
YJR136C,1266,1263
YJR137C,4329,4326
YJR138W,4755,4758
YJR139C,1080,1077
YJR140C,4947,4944
YJR141W,1044,1047
YJR142W,1029,1044
YJR144W,810,813
YJR147W,1077,1098
YJR148W,1131,1128
YKL001C,609,606
YKL003C,396,393
YKL004W,1206,1203
YKL007W,807,804
YKL008C,1257,1254
YKL009W,711,708
YKL011C,1062,1059
YKL012W,1752,1755
YKL013C,516,513
YKL014C,5295,5520
YKL015W,2940,2985
YKL016C,525,522
YKL017C,2052,2055
YKL018W,990,1344
YKL019W,951,948
YKL020C,3249,3282
YKL021C,1407,1407
YKL022C,2523,2535
YKL023W,834,867
YKL024C,615,612
YKL025C,2040,2052
YKL028W,1449,1464
YKL029C,2010,2010
YKL032C,1794,1908
YKL033W,3117,3240
YKL034W,2277,2277
YKL035W,1500,1497
YKL038W,3513,3552
YKL040C,771,768
YKL041W,675,672
YKL042W,1092,1101
YKL043W,1101,1113
YKL046C,1350,1350
YKL047W,1551,1554
YKL048C,1923,1935
YKL050C,2769,2772
YKL051W,1062,1059
YKL057C,3114,3132
YKL058W,369,366
YKL059C,1326,1323
YKL060C,1080,1077
YKL061W,342,339
YKL062W,1893,1959
YKL065C,621,621
YKL067W,462,459
YKL068W,2880,3087
YKL073W,2646,2643
YKL075C,1353,1350
YKL077W,1179,1176
YKL078W,2208,2208
YKL079W,1971,2064
YKL080W,1179,1176
YKL082C,1305,1338
YKL084W,351,360
YKL085W,1005,1002
YKL087C,675,681
YKL088W,1716,1914
YKL089W,1650,1647
YKL090W,1332,1332
YKL091C,933,930
YKL092C,3315,3351
YKL093W,1020,1023
YKL094W,942,1080
YKL095W,837,840
YKL096W,720,735
YKL098W,1074,1074
YKL100C,1764,1776
YKL101W,4557,4620
YKL103C,1545,1635
YKL104C,2154,2151
YKL105C,3399,3486
YKL108W,1362,1455
YKL109W,1665,1704
YKL110C,942,939
YKL112W,2196,2319
YKL113C,1149,1146
YKL114C,1104,1101
YKL116C,1557,1554
YKL117W,651,804
YKL119C,648,645
YKL120W,975,972
YKL121W,2559,2574
YKL122C,504,702
YKL124W,1740,1737
YKL125W,1884,1884
YKL126W,2043,2052
YKL127W,1713,1710
YKL128C,888,954
YKL129C,3816,3825
YKL130C,741,738
YKL132C,1293,1311
YKL133C,1392,1389
YKL134C,2313,2325
YKL135C,2181,2178
YKL138C,396,393
YKL139W,1587,1662
YKL140W,1647,1647
YKL141W,597,603
YKL142W,660,657
YKL143W,1392,1389
YKL144C,639,636
YKL145W,1404,1404
YKL146W,2079,2157
YKL148C,1923,1920
YKL149C,1218,1389
YKL150W,909,906
YKL151C,1014,1014
YKL159C,636,654
YKL163W,978,1257
YKL167C,414,411
YKL170W,417,414
YKL171W,2787,2805
YKL172W,1284,1293
YKL173W,3027,3030
YKL174C,1857,1860
YKL175W,1512,1593
YKL176C,2487,2490
YKL178C,1413,1410
YKL183W,921,933
YKL184W,1401,1404
YKL185W,1767,1800
YKL187C,2253,2259
YKL188C,2562,2562
YKL189W,1200,1197
YKL191W,1605,1608
YKL192C,378,375
YKL193C,1017,1014
YKL194C,1389,1386
YKL201C,3537,3750
YKL204W,1899,2028
YKL205W,3303,3543
YKL206C,804,894
YKL208W,816,822
YKL210W,3075,3075
YKL211C,1455,1452
YKL212W,1872,1869
YKL214C,612,609
YKL215C,3861,3867
YKL216W,945,942
YKR001C,2115,2112
YKR002W,1707,1707
YKR003W,1347,1344
YKR007W,555,552
YKR008W,1878,1938
YKR009C,2703,2700
YKR010C,2316,2340
YKR015C,1707,1728
YKR016W,1623,1620
YKR017C,1656,1656
YKR018C,2178,2178
YKR019C,1848,1845
YKR020W,495,492
YKR021W,2748,2820
YKR022C,969,978
YKR023W,1593,1602
YKR028W,3297,3324
YKR029C,2256,2289
YKR030W,822,822
YKR034W,810,819
YKR037C,888,963
YKR039W,1809,1806
YKR041W,753,807
YKR043C,816,819
YKR044W,1332,1329
YKR046C,852,858
YKR049C,402,399
YKR050W,2670,2751
YKR051W,1257,1263
YKR053C,1215,1221
YKR055W,876,927
YKR059W,1188,1188
YKR060W,825,822
YKR061W,1278,1275
YKR062W,987,999
YKR063C,1509,1506
YKR064W,2592,2670
YKR065C,594,666
YKR066C,1086,1092
YKR067W,2232,2229
YKR068C,582,861
YKR069W,1782,1779
YKR070W,1059,1056
YKR071C,1047,1254
YKR072C,1689,1719
YKR074W,468,567
YKR075C,924,936
YKR076W,1113,1113
YKR077W,1092,1197
YKR078W,1758,1758
YKR079C,2517,2514
YKR080W,963,960
YKR081C,1035,1038
YKR082W,3474,3477
YKR083C,402,399
YKR084C,1836,1842
YKR085C,588,585
YKR088C,1014,1011
YKR089C,2733,2769
YKR090W,2121,2205
YKR098C,2154,2214
YKR099W,2436,2439
YLL002W,1311,1323
YLL003W,2841,2862
YLL004W,1851,1851
YLL005C,2607,2604
YLL018C,1674,1671
YLL019C,2214,2289
YLL021W,4401,5238
YLL022C,1158,1179
YLL023C,840,849
YLL027W,753,750
YLL028W,1761,1761
YLL029W,2250,2250
YLL031C,3054,3051
YLL032C,2478,2496
YLL033W,693,693
YLL035W,1899,1896
YLL036C,1512,1512
YLL038C,744,741
YLL039C,1146,1371
YLL048C,4986,5016
YLL054C,2310,2562
YLR001C,2589,2592
YLR002C,1992,2058
YLR003C,876,897
YLR004C,1572,1569
YLR005W,1386,1383
YLR007W,1011,1008
YLR008C,507,504
YLR009W,600,600
YLR013W,426,426
YLR014C,2715,2739
YLR021W,540,540
YLR022C,753,750
YLR023C,1632,1629
YLR025W,723,720
YLR026C,1023,1020
YLR034C,1422,1419
YLR035C,2088,2088
YLR040C,675,702
YLR045C,2667,2667
YLR046C,813,963
YLR049C,1287,1284
YLR050C,486,483
YLR051C,654,651
YLR055C,1809,1806
YLR057W,2550,2559
YLR058C,1410,1407
YLR059C,810,813
YLR072W,2082,2103
YLR073C,603,600
YLR074C,501,507
YLR075W,666,663
YLR077W,1752,1755
YLR084C,3663,3660
YLR085C,1317,1314
YLR089C,1779,1776
YLR090W,1380,1377
YLR091W,882,900
YLR092W,2682,2682
YLR094C,1509,1521
YLR099C,1185,1512
YLR106C,14733,14814
YLR116W,1431,1506
YLR117C,2064,2061
YLR196W,1731,1740
YLR197W,1515,1533
YLR200W,345,342
YLR201C,783,780
YLR203C,1311,1308
YLR204W,336,336
YLR206W,1842,1911
YLR207W,2502,2499
YLR208W,894,891
YLR209C,936,933
YLR210W,1383,1380
YLR219W,2187,2262
YLR220W,969,966
YLR221C,663,729
YLR222C,2454,2454
YLR223C,3258,3306
YLR224W,1110,1110
YLR225C,1224,1224
YLR243W,819,816
YLR249W,3135,3132
YLR250W,705,702
YLR251W,594,591
YLR253W,1710,1707
YLR254C,570,570
YLR258W,2118,2115
YLR259C,1719,1719
YLR260W,2064,2067
YLR262C,648,648
YLR266C,2106,2124
YLR267W,1713,1719
YLR268W,645,642
YLR271W,825,825
YLR273C,1947,2016
YLR284C,843,840
YLR285W,786,852
YLR286C,1689,1686
YLR291C,1146,1143
YLR292C,582,579
YLR293C,660,657
YLR295C,375,372
YLR297W,390,393
YLR298C,696,693
YLR308W,939,936
YLR309C,2736,2751
YLR312C,1197,1239
YLR314C,1563,1749
YLR315W,462,462
YLR319C,2367,2385
YLR320W,4365,4380
YLR321C,1281,1350
YLR323C,780,777
YLR324W,1572,1569
YLR325C,237,234
YLR326W,723,726
YLR327C,261,258
YLR328W,1206,1209
YLR335W,2163,2202
YLR336C,2700,2742
YLR337C,2454,3051
YLR340W,939,936
YLR341W,1434,1494
YLR348C,897,900
YLR350W,651,654
YLR351C,876,873
YLR353W,1812,1830
YLR354C,1008,1005
YLR355C,1188,1191
YLR356W,594,591
YLR357W,2670,2673
YLR359W,1449,1446
YLR360W,1320,1317
YLR362W,2154,2235
YLR363C,657,654
YLR369W,1974,1974
YLR370C,537,534
YLR372W,1038,1035
YLR373C,2706,2736
YLR375W,1032,1326
YLR378C,1443,1440
YLR380W,1227,1227
YLR381W,2202,2214
YLR382C,2685,2685
YLR383W,3345,3345
YLR385C,399,396
YLR386W,2643,2640
YLR390W,339,336
YLR392C,1557,1554
YLR393W,840,837
YLR394W,1449,1446
YLR395C,237,234
YLR396C,2076,2163
YLR403W,2052,2094
YLR404W,858,855
YLR405W,1104,1101
YLR407W,690,696
YLR408C,369,366
YLR411W,726,849
YLR412W,825,822
YLR413W,2028,2025
YLR418C,1182,1188
YLR419W,4308,4314
YLR420W,1095,1092
YLR421C,471,471
YLR422W,5799,5799
YLR423C,1254,1254
YLR425W,3924,3921
YLR429W,1956,1968
YLR431C,1362,1365
YLR432W,1572,1569
YLR433C,1662,1659
YLR439W,960,1032
YLR440C,2130,2133
YLR441C,768,765
YLR442C,2937,3075
YLR443W,1347,1344
YLR446W,1302,1299
YLR450W,3138,3135
YLR452C,2097,2100
YLR453C,1188,1188
YLR456W,615,681
YLR457C,960,1074
YML001W,627,624
YML004C,981,1062
YML005W,1389,1386
YML009C,213,285
YML012W,636,633
YML013W,1755,1773
YML014W,840,858
YML015C,1041,1038
YML016C,2079,2103
YML018C,1182,1200
YML019W,999,996
YML020W,1995,2025
YML021C,1080,1098
YML022W,564,561
YML030W,480,477
YML031W,1968,1968
YML035C,2433,2430
YML037C,1023,1023
YML041C,843,840
YML042W,2013,2010
YML043C,1524,1545
YML046W,1890,1887
YML047C,1059,1062
YML048W,1212,1224
YML049C,4086,4143
YML050W,936,933
YML051W,1308,1305
YML052W,909,906
YML053C,639,645
YML059C,5040,5076
YML060W,1131,1131
YML061C,2580,2577
YML062C,1179,1242
YML063W,768,765
YML064C,738,735
YML066C,1110,1158
YML068W,1395,1392
YML069W,1659,1662
YML071C,1824,1857
YML075C,3165,3168
YML076C,2835,2898
YML077W,480,477
YML078W,549,546
YML079W,606,603
YML080W,1272,1269
YML082W,1950,2103
YML087C,939,936
YML088W,2007,2010
YML091C,3609,3633
YML092C,753,750
YML093W,2700,2709
YML095C,633,645
YML096W,1578,1575
YML097C,1356,1365
YML098W,504,501
YML099C,2643,2646
YML101C,354,462
YML102W,1407,1407
YML103C,4968,4974
YML105C,822,822
YML106W,681,678
YML108W,318,315
YML109W,2829,2955
YML110C,924,921
YML111W,2763,2763
YML112W,891,891
YML113W,747,774
YML114C,1533,1530
YML115C,1608,1608
YML116W,1629,1659
YML117W,3405,3411
YML118W,1518,1524
YML119W,1074,1089
YML120C,1542,1539
YML121W,933,930
YML126C,1476,1473
YMR002W,471,468
YMR003W,597,612
YMR004W,1536,1539
YMR005W,1167,1170
YMR006C,2121,2118
YMR008C,1995,1992
YMR009W,540,597
YMR010W,1218,1221
YMR012W,3834,3861
YMR015C,1617,1614
YMR016C,2358,2421
YMR017W,1194,1248
YMR018W,1545,1551
YMR019W,2850,2877
YMR021C,1254,1254
YMR022W,498,504
YMR024W,1173,1170
YMR025W,888,933
YMR026C,1200,1203
YMR027W,1413,1416
YMR029C,1572,1599
YMR030W,1131,1206
YMR032W,2010,2007
YMR034C,1305,1302
YMR035W,534,531
YMR039C,879,921
YMR040W,483,534
YMR041C,1008,1074
YMR042W,534,570
YMR043W,861,888
YMR044W,1428,1542
YMR047C,3342,3372
YMR048W,954,1011
YMR053C,2553,2553
YMR054W,2673,2679
YMR055C,921,939
YMR056C,930,948
YMR058W,1911,1911
YMR060C,984,981
YMR061W,2034,2040
YMR062C,1326,1323
YMR063W,720,720
YMR064W,1557,1560
YMR065W,1515,1608
YMR066W,2697,2694
YMR067C,1251,1257
YMR068W,1281,1305
YMR077C,666,666
YMR081C,1017,1041
YMR083W,1128,1128
YMR086W,2883,2934
YMR087W,855,861
YMR090W,684,681
YMR092C,1848,1851
YMR093W,1542,1539
YMR094W,1437,1503
YMR095C,675,672
YMR096W,894,1002
YMR097C,1104,1113
YMR098C,1839,1836
YMR099C,894,1143
YMR100W,1863,1866
YMR101C,1032,1038
YMR104C,2034,2040
YMR106C,1890,1887
YMR107W,348,351
YMR108W,2064,2061
YMR109W,3660,3678
YMR110C,1599,1602
YMR112C,396,393
YMR113W,1284,1284
YMR114C,1107,1104
YMR115W,1506,1515
YMR117C,642,639
YMR118C,591,588
YMR119W,1875,1905
YMR126C,1029,1026
YMR127C,1017,1014
YMR128W,3804,3885
YMR129W,4014,4023
YMR131C,1536,1536
YMR132C,627,624
YMR136W,1683,1911
YMR137C,1986,2010
YMR138W,576,654
YMR145C,1683,1680
YMR146C,1044,1041
YMR147W,672,762
YMR148W,447,471
YMR149W,861,858
YMR150C,573,570
YMR152W,1098,1095
YMR153W,1428,1686
YMR154C,2184,2193
YMR155W,1644,1701
YMR156C,717,738
YMR157C,768,765
YMR160W,2451,2505
YMR161W,675,675
YMR175W,240,294
YMR176W,4236,4281
YMR178W,825,822
YMR179W,2277,2313
YMR180C,963,978
YMR181C,465,468
YMR182C,636,636
YMR183C,888,1008
YMR184W,597,597
YMR185W,2946,2976
YMR186W,2118,2139
YMR187C,1296,1308
YMR188C,714,711
YMR189W,3105,3102
YMR190C,4344,4389
YMR192W,2163,2196
YMR193W,777,774
YMR197C,654,651
YMR198W,1785,1797
YMR199W,1641,1641
YMR200W,771,789
YMR202W,669,669
YMR203W,1164,1161
YMR204C,1263,1353
YMR205C,2880,2877
YMR206W,942,957
YMR208W,1332,1329
YMR209C,1374,1425
YMR210W,1350,1359
YMR211W,1428,1425
YMR212C,2349,2346
YMR213W,1773,1776
YMR215W,1575,1572
YMR217W,1578,1575
YMR218C,3309,3306
YMR219W,4977,5421
YMR220W,1356,1353
YMR221C,1515,1614
YMR222C,672,669
YMR223W,1416,1413
YMR224C,2079,2094
YMR226C,804,801
YMR232W,2034,2034
YMR233W,681,681
YMR234W,1047,1050
YMR235C,1224,1224
YMR236W,474,471
YMR237W,2175,2172
YMR238W,1377,1374
YMR239C,1416,1416
YMR240C,1311,1335
YMR241W,945,942
YMR243C,1329,1338
YMR247C,4689,4686
YMR250W,1758,1755
YMR251W,1101,1098
YMR252C,405,417
YMR253C,1245,1470
YMR255W,567,564
YMR256C,183,180
YMR257C,2403,2400
YMR258C,1662,1659
YMR259C,4263,4263
YMR260C,462,459
YMR261C,3165,3168
YMR262W,942,981
YMR263W,606,642
YMR264W,612,612
YMR265C,1386,1413
YMR266W,2862,2871
YMR267W,933,936
YMR268C,1335,1359
YMR273C,2748,2925
YMR274C,948,957
YMR275C,2931,2949
YMR276W,1122,1146
YMR277W,2199,2199
YMR279C,1623,1629
YMR280C,4302,4302
YMR281W,915,915
YMR282C,1743,1749
YMR283C,1542,1545
YMR284W,1809,1806
YMR286W,261,258
YMR287C,2910,2907
YMR288W,2916,2949
YMR289W,1125,1155
YMR290C,1518,1515
YMR294W,1122,1134
YMR295C,594,594
YMR296C,1677,1674
YMR297W,1599,1596
YMR298W,453,450
YMR299C,939,1089
YMR300C,1533,1530
YMR301C,2073,2079
YMR302C,2553,2556
YMR303C,1047,1044
YMR305C,1170,1173
YMR306W,5358,5358
YMR307W,1680,1677
YMR308C,3270,3267
YMR309C,2439,2451
YMR310C,954,951
YMR311C,690,705
YMR312W,822,933
YMR313C,1929,2004
YMR314W,705,702
YMR315W,1050,1047
YMR316W,1011,1077
YMR317W,3423,3618
YMR319C,1659,1662
YNL001W,1161,1188
YNL002C,969,966
YNL003C,855,852
YNL005C,1116,1113
YNL006W,912,909
YNL007C,1059,1077
YNL008C,2010,2040
YNL009W,1263,1260
YNL010W,726,723
YNL011C,1335,1344
YNL014W,3135,3141
YNL015W,228,336
YNL022C,1473,1470
YNL023C,2898,2910
YNL024C,741,759
YNL025C,972,969
YNL026W,1455,1500
YNL027W,2037,2049
YNL037C,1083,1080
YNL039W,1785,1785
YNL046W,519,630
YNL047C,1971,1980
YNL048W,1647,1644
YNL049C,2631,2676
YNL051W,1212,1260
YNL052W,462,522
YNL053W,1470,1473
YNL055C,852,927
YNL056W,594,591
YNL058C,951,957
YNL059C,2268,2265
YNL061W,1857,1860
YNL062C,1437,1437
YNL063W,945,942
YNL064C,1230,1227
YNL065W,1761,1758
YNL066W,1263,1284
YNL070W,183,180
YNL071W,1449,1452
YNL072W,924,921
YNL073W,1731,1731
YNL074C,1359,1386
YNL075W,873,870
YNL076W,1755,1761
YNL077W,1587,1695
YNL078W,1224,1287
YNL079C,600,597
YNL080C,1101,1116
YNL081C,432,429
YNL084C,1050,1047
YNL085W,2493,2493
YNL086W,309,306
YNL087W,3537,3537
YNL088W,4287,4539
YNL090W,579,576
YNL091W,3723,3741
YNL092W,1203,1266
YNL093W,663,660
YNL094W,1764,1767
YNL095C,1929,1962
YNL098C,969,966
YNL099C,717,723
YNL100W,705,705
YNL101W,2142,2154
YNL104C,1860,1863
YNL107W,681,678
YNL108C,813,810
YNL111C,363,360
YNL113W,429,426
YNL115C,1935,1944
YNL116W,1569,1755
YNL117W,1665,1662
YNL118C,2913,2982
YNL119W,1482,1482
YNL122C,348,345
YNL123W,2994,2991
YNL125C,2022,2019
YNL126W,2541,2628
YNL127W,2862,2907
YNL128W,1305,1302
YNL129W,723,720
YNL133C,522,525
YNL137C,1461,1458
YNL138W,1581,1593
YNL141W,1044,1041
YNL152W,1230,1281
YNL153C,390,387
YNL154C,1641,1710
YNL155W,825,837
YNL156C,900,897
YNL157W,507,504
YNL158W,597,600
YNL159C,870,948
YNL160W,1065,1065
YNL163C,3333,3330
YNL164C,1056,1053
YNL165W,1221,1239
YNL166C,1347,1365
YNL167C,1944,1971
YNL168C,780,777
YNL169C,1503,1503
YNL172W,5247,5259
YNL173C,1101,1107
YNL175C,1212,1209
YNL176C,1911,1950
YNL177C,930,927
YNL180C,996,996
YNL181W,1224,1221
YNL182C,1668,1674
YNL183C,2373,2373
YNL185C,477,477
YNL186W,2379,2436
YNL187W,1074,1284
YNL188W,1302,1302
YNL190W,615,612
YNL191W,1074,1071
YNL192W,3396,3426
YNL193W,1677,1689
YNL194C,906,915
YNL196C,897,903
YNL199C,1605,1608
YNL200C,741,738
YNL201C,2577,2577
YNL204C,903,900
YNL206C,1368,1476
YNL207W,1278,1278
YNL209W,1842,1839
YNL210W,813,855
YNL211C,261,258
YNL212W,2349,2361
YNL213C,645,642
YNL214W,600,603
YNL215W,963,999
YNL216W,2484,2517
YNL217W,981,978
YNL218W,1764,1764
YNL219C,1668,1665
YNL220W,1302,1299
YNL221C,2628,2625
YNL222W,621,618
YNL224C,2304,2346
YNL225C,1746,1746
YNL227C,1773,1815
YNL229C,1065,1083
YNL230C,1140,1146
YNL231C,1056,1053
YNL232W,879,978
YNL233W,2679,2706
YNL234W,1281,1281
YNL236W,2925,2928
YNL237W,1380,1377
YNL242W,4779,4788
YNL244C,327,324
YNL245C,540,540
YNL248C,1248,1245
YNL249C,1629,1629
YNL252C,846,867
YNL253W,1269,1281
YNL254C,1206,1230
YNL255C,462,462
YNL257C,3690,3690
YNL259C,222,219
YNL260C,597,594
YNL261W,1440,1437
YNL263C,945,957
YNL264C,1053,1053
YNL267W,3201,3198
YNL270C,1722,1719
YNL272C,2280,2313
YNL273W,3717,3717
YNL274C,1053,1050
YNL275W,1731,1728
YNL277W,1461,1458
YNL278W,3183,3264
YNL281W,462,459
YNL282W,588,585
YNL287W,2808,2808
YNL288W,1122,1149
YNL289W,840,837
YNL290W,1023,1020
YNL291C,1647,1644
YNL292W,1212,1218
YNL293W,1902,1914
YNL294C,1602,1638
YNL295W,1575,1575
YNL298W,2529,2601
YNL305C,894,1005
YNL306W,654,651
YNL308C,1776,1821
YNL311C,2292,2295
YNL313C,2715,2712
YNL314W,768,777
YNL315C,957,954
YNL320W,855,852
YNL325C,2640,2637
YNL326C,1011,1008
YNL327W,3126,3633
YNL328C,441,438
YNL329C,3093,3090
YNL330C,1302,1299
YNR003C,954,951
YNR004W,441,468
YNR006W,1869,1908
YNR007C,933,945
YNR008W,1986,1983
YNR009W,750,750
YNR010W,450,450
YNR011C,2631,2655
YNR012W,1506,1512
YNR014W,639,741
YNR015W,1155,1158
YNR017W,669,666
YNR024W,561,570
YNR026C,1416,1428
YNR027W,954,1017
YNR028W,927,930
YNR029C,1290,1410
YNR030W,1656,1656
YNR032W,1107,1104
YNR033W,2364,2406
YNR034W,966,963
YNR035C,1029,1026
YNR036C,462,459
YNR037C,276,273
YNR038W,1890,1929
YNR039C,1818,1824
YNR040W,771,783
YNR041C,1119,1116
YNR048W,1182,1182
YNR049C,633,630
YNR050C,1341,1338
YNR051C,1548,1548
YNR052C,1302,1356
YOL003C,1137,1194
YOL005C,363,366
YOL007C,1026,1167
YOL008W,624,630
YOL010W,1104,1101
YOL011W,2061,2061
YOL012C,405,402
YOL013C,1656,1668
YOL014W,375,435
YOL015W,1761,1761
YOL016C,1344,1356
YOL017W,2145,2178
YOL018C,1194,1227
YOL020W,1779,1779
YOL022C,1227,1230
YOL026C,342,342
YOL027C,1722,1734
YOL030W,1455,1467
YOL031C,1266,1356
YOL032W,741,762
YOL033W,1611,1608
YOL034W,3282,3279
YOL036W,2286,2295
YOL038W,765,762
YOL039W,321,318
YOL040C,429,426
YOL041C,1380,1419
YOL042W,1092,1089
YOL043C,1143,1143
YOL044W,1152,1152
YOL049W,1476,1500
YOL056W,912,921
YOL058W,1263,1260
YOL059W,1323,1320
YOL060C,2121,2160
YOL061W,1491,1488
YOL062C,1476,1473
YOL063C,2874,2874
YOL064C,1074,1071
YOL065C,1155,1152
YOL066C,1776,1872
YOL067C,534,531
YOL068C,1512,1518
YOL069W,1356,1353
YOL077C,876,873
YOL080C,870,867
YOL082W,1248,1287
YOL083W,1239,1245
YOL084W,2976,3024
YOL087C,3351,3381
YOL088C,834,831
YOL089C,3093,3090
YOL090W,2895,2892
YOL091W,1830,1833
YOL092W,927,924
YOL093W,882,879
YOL094C,972,969
YOL095C,2121,2145
YOL097C,1299,1299
YOL101C,939,936
YOL102C,693,690
YOL104C,1059,1056
YOL108C,456,456
YOL110W,714,729
YOL111C,639,663
YOL112W,1479,1476
YOL114C,609,606
YOL115W,1755,1770
YOL116W,1149,1146
YOL117W,1938,1941
YOL119C,1506,1503
YOL122C,1728,1761
YOL123W,1605,1659
YOL124C,1302,1299
YOL125W,1431,1434
YOL128C,1128,1131
YOL129W,555,552
YOL131W,327,327
YOL132W,1416,1419
YOL133W,366,366
YOL135C,669,744
YOL136C,1194,1191
YOL137W,1494,1599
YOL138C,4026,4047
YOL139C,642,639
YOL140W,1272,1269
YOL141W,2088,2202
YOL142W,723,720
YOL143C,510,507
YOL144W,1455,1608
YOL145C,3234,3312
YOL147C,711,711
YOL149W,696,696
YOR002W,1635,1632
YOR004W,765,921
YOR005C,2835,2844
YOR006C,942,1020
YOR014W,2274,2304
YOR016C,624,648
YOR017W,2403,2523
YOR020C,321,318
YOR021C,642,639
YOR022C,2148,2175
YOR023C,1701,1806
YOR025W,1344,1362
YOR026W,1026,1029
YOR027W,1770,1767
YOR028C,888,906
YOR030W,1860,1860
YOR032C,1305,1356
YOR033C,2109,2163
YOR035C,2370,2430
YOR036W,867,987
YOR038C,2628,2634
YOR039W,777,774
YOR047C,1335,1335
YOR048C,3021,3042
YOR049C,1065,1149
YOR051C,1239,1236
YOR052C,453,450
YOR056C,1380,1398
YOR057W,1188,1221
YOR063W,1164,1314
YOR064C,660,657
YOR066W,1890,1932
YOR074C,915,1080
YOR076C,2244,2319
YOR077W,699,705
YOR078W,645,651
YOR079C,942,939
YOR080W,2241,2268
YOR081C,2250,2379
YOR083W,888,966
YOR085W,1053,1128
YOR089C,633,630
YOR092W,1842,1851
YOR093C,4947,5079
YOR094W,552,549
YOR095C,777,777
YOR097C,528,525
YOR098C,3231,3309
YOR099W,1182,1179
YOR100C,984,981
YOR101W,930,948
YOR104W,849,861
YOR106W,852,867
YOR107W,930,1065
YOR110W,1308,1311
YOR111W,699,795
YOR112W,2286,2304
YOR113W,2745,2892
YOR114W,885,882
YOR115C,807,804
YOR117W,1305,1302
YOR118W,1704,1701
YOR119C,1455,1464
YOR120W,939,936
YOR123C,1395,1419
YOR124C,3819,3819
YOR126C,717,714
YOR127W,3024,3060
YOR128C,1716,1713
YOR130C,879,876
YOR131C,657,654
YOR136W,1110,1107
YOR137C,1869,1878
YOR140W,2301,2343
YOR141C,2646,2649
YOR144C,2376,2376
YOR145C,825,822
YOR148C,558,570
YOR149C,1551,1704
YOR150W,492,489
YOR152C,771,768
YOR155C,1353,1350
YOR157C,786,783
YOR158W,957,954
YOR159C,285,282
YOR160W,2919,2916
YOR161C,1620,1620
YOR162C,2433,2556
YOR163W,567,579
YOR164C,939,936
YOR166C,1377,1374
YOR167C,204,201
YOR171C,1875,1887
YOR172W,2361,2430
YOR174W,855,870
YOR176W,1182,1179
YOR177C,1395,1395
YOR179C,567,570
YOR180C,816,897
YOR185C,663,660
YOR186W,435,474
YOR188W,3414,3507
YOR189W,351,360
YOR190W,1338,1344
YOR195W,2466,2601
YOR196C,1245,1266
YOR198C,1413,1410
YOR205C,1671,1692
YOR206W,2133,2250
YOR208W,2253,2280
YOR209C,1290,1287
YOR210W,213,210
YOR212W,1272,1275
YOR213C,747,774
YOR214C,711,708
YOR215C,558,555
YOR216C,1455,1554
YOR217W,2586,2589
YOR219C,2796,2796
YOR220W,798,870
YOR222W,924,921
YOR223W,879,879
YOR224C,441,438
YOR226C,471,468
YOR227W,3741,3801
YOR228C,909,906
YOR231W,1527,1527
YOR232W,687,684
YOR233W,2403,2484
YOR236W,636,633
YOR237W,1305,1308
YOR241W,1647,1644
YOR242C,1116,1113
YOR243C,2031,2031
YOR244W,1338,1338
YOR246C,993,990
YOR247W,633,699
YOR249C,2058,2058
YOR250C,1338,1341
YOR251C,915,915
YOR253W,531,528
YOR255W,837,840
YOR256C,2430,2436
YOR257W,486,483
YOR258W,654,654
YOR259C,1314,1311
YOR260W,1737,1740
YOR261C,1017,1014
YOR262W,1044,1041
YOR264W,1293,1332
YOR265W,321,318
YOR266W,1272,1287
YOR269W,1485,1494
YOR270C,2523,2526
YOR271C,984,981
YOR272W,1383,1383
YOR273C,1980,1977
YOR274W,1287,1284
YOR275C,1986,1983
YOR276W,486,483
YOR278W,828,825
YOR279C,933,936
YOR281C,861,858
YOR283W,693,690
YOR284W,732,822
YOR285W,420,417
YOR286W,450,447
YOR287C,903,963
YOR288C,957,963
YOR289W,756,762
YOR290C,5112,5151
YOR291W,4419,4416
YOR295W,687,708
YOR297C,579,582
YOR298W,1440,1437
YOR305W,729,726
YOR308C,1764,1815
YOR310C,1536,1650
YOR311C,873,870
YOR316C,1320,1338
YOR320C,1476,1473
YOR322C,2457,2541
YOR324C,1809,1812
YOR334W,1413,1410
YOR336W,4098,4095
YOR337W,2280,2277
YOR338W,1092,1098
YOR339C,471,468
YOR340C,981,981
YOR341W,4995,4998
YOR342C,960,963
YOR347C,1521,1518
YOR348C,1884,2085
YOR349W,3045,3075
YOR350C,1992,1998
YOR351C,1494,1608
YOR352W,1032,1029
YOR353C,2376,2403
YOR354C,2079,2169
YOR355W,1569,1617
YOR356W,1896,1893
YOR357C,489,528
YOR358W,729,753
YOR359W,1572,1599
YOR360C,1581,1584
YOR361C,2292,2295
YOR362C,867,876
YOR363C,2991,3006
YOR365C,2112,2115
YOR367W,603,648
YOR368W,1206,1209
YOR369C,432,429
YOR370C,1812,1815
YOR371C,2694,2694
YOR372C,1665,1713
YOR373W,2556,2583
YOR374W,1560,1557
YOR375C,1365,1362
YOR377W,1578,1818
YOR378W,1548,1548
YPL001W,1125,1122
YPL002C,702,768
YPL003W,1389,1386
YPL004C,1026,1035
YPL010W,570,570
YPL011C,1062,1059
YPL012W,3687,3729
YPL013C,366,363
YPL014W,1146,1161
YPL015C,1074,1206
YPL017C,1500,1509
YPL018W,1110,1116
YPL021W,564,561
YPL023C,1974,1971
YPL024W,726,750
YPL026C,1509,1506
YPL027W,738,750
YPL028W,1197,1194
YPL030W,1704,1701
YPL032C,2478,2547
YPL033C,846,861
YPL034W,498,573
YPL038W,534,531
YPL039W,951,951
YPL040C,3009,3006
YPL041C,624,660
YPL043W,2058,2070
YPL046C,300,300
YPL047W,300,297
YPL048W,1248,1245
YPL049C,1359,1377
YPL050C,1188,1185
YPL051W,597,648
YPL053C,1341,1344
YPL054W,906,909
YPL055C,999,1083
YPL060W,1242,1251
YPL061W,1503,1500
YPL063W,1431,1452
YPL064C,906,918
YPL065W,729,726
YPL066W,1440,1449
YPL067C,597,600
YPL068C,882,900
YPL069C,1008,1008
YPL070W,1839,1866
YPL071C,471,468
YPL072W,1500,1569
YPL074W,2265,2391
YPL076W,843,843
YPL077C,723,801
YPL078C,735,732
YPL083C,1404,1458
YPL084W,2535,2541
YPL087W,954,957
YPL091W,1452,1449
YPL092W,1377,1374
YPL093W,1944,1941
YPL095C,1371,1368
YPL096W,1092,1089
YPL098C,342,339
YPL099C,549,546
YPL103C,1407,1404
YPL104W,1977,1974
YPL105C,2550,2574
YPL106C,2082,2079
YPL107W,747,747
YPL108W,507,504
YPL111W,1002,999
YPL113C,1191,1191
YPL115C,3387,3414
YPL117C,867,867
YPL118W,1035,1032
YPL119C,1854,1863
YPL120W,1674,1725
YPL121C,669,672
YPL122C,1542,1539
YPL123C,1305,1305
YPL124W,762,759
YPL126W,2691,2688
YPL127C,777,1038
YPL131W,894,891
YPL132W,903,900
YPL133C,1341,1356
YPL134C,933,930
YPL135W,498,495
YPL137C,3831,3855
YPL138C,1062,1161
YPL139C,1383,1383
YPL140C,1521,1533
YPL145C,1305,1302
YPL146C,1368,1374
YPL147W,2613,2619
YPL149W,885,882
YPL150W,2706,2760
YPL151C,1356,1353
YPL152W,1077,1074
YPL153C,2466,2502
YPL154C,1218,1218
YPL155C,2121,2145
YPL156C,855,858
YPL157W,948,945
YPL158C,2277,2298
YPL159C,762,759
YPL164C,2148,2157
YPL165C,1122,1119
YPL166W,642,648
YPL167C,4515,4518
YPL168W,1293,1305
YPL169C,1800,1818
YPL173W,894,909
YPL174C,2607,2637
YPL176C,2352,2418
YPL177C,921,921
YPL179W,1650,1656
YPL180W,2400,2418
YPL181W,1521,1533
YPL183C,3042,3039
YPL184C,1839,1902
YPL186C,915,912
YPL187W,498,513
YPL188W,1245,1248
YPL189W,1830,2022
YPL190C,2409,2490
YPL191C,1083,1080
YPL192C,402,399
YPL193W,1146,1146
YPL194W,1839,1836
YPL195W,2799,2817
YPL200W,471,480
YPL201C,1386,1395
YPL202C,1251,1251
YPL203W,1143,1293
YPL204W,1485,1488
YPL206C,966,963
YPL207W,2433,2454
YPL208W,1752,1866
YPL209C,1104,1104
YPL211W,546,543
YPL212C,1635,1773
YPL214C,1623,1620
YPL215W,1008,1005
YPL216W,3309,3354
YPL219W,1479,1503
YPL220W,654,651
YPL221W,2382,2427
YPL222W,2067,2067
YPL223C,507,522
YPL224C,1350,1461
YPL228W,1650,1653
YPL229W,621,684
YPL230W,1176,1218
YPL231W,5664,5829
YPL237W,858,855
YPL239W,603,600
YPL243W,1800,1797
YPL244C,1020,1017
YPL245W,1365,1362
YPL246C,789,786
YPL247C,1572,1578
YPL248C,2646,2742
YPL249C,2685,2880
YPL250C,411,408
YPL252C,519,516
YPL253C,1944,1947
YPL254W,1467,1479
YPL255W,1158,1353
YPL260W,1656,1653
YPL262W,1467,1464
YPL263C,1956,1962
YPL267W,630,630
YPL268W,2610,2628
YPL271W,189,186
YPR001W,1461,1464
YPR002W,1551,1560
YPR003C,2265,2271
YPR004C,1035,1032
YPR005C,885,924
YPR006C,1728,1725
YPR007C,2043,2043
YPR008W,2085,2166
YPR009W,807,807
YPR013C,954,951
YPR015C,744,741
YPR018W,1821,1830
YPR019W,2802,2799
YPR020W,348,345
YPR023C,1206,1203
YPR024W,2244,2241
YPR025C,1182,1185
YPR026W,3636,3663
YPR030W,3366,3402
YPR031W,2247,2247
YPR032W,3102,3105
YPR033C,1641,1647
YPR034W,1434,1440
YPR036W,1437,1494
YPR037C,591,624
YPR046W,546,543
YPR048W,1872,1872
YPR049C,3537,3543
YPR051W,531,528
YPR052C,282,279
YPR054W,1167,1197
YPR056W,1017,1017
YPR057W,1026,1026
YPR058W,924,921
YPR060C,771,768
YPR061C,906,906
YPR062W,477,474
YPR065W,1107,1122
YPR066W,900,921
YPR067W,558,558
YPR068C,1413,1431
YPR069C,882,879
YPR073C,486,483
YPR078C,1119,1125
YPR080W,1377,1374
YPR082C,432,567
YPR083W,1740,1740
YPR084W,1371,1371
YPR086W,1038,1233
YPR088C,1626,1626
YPR091C,2313,2316
YPR094W,324,321
YPR097W,3222,3219
YPR100W,423,420
YPR101W,528,672
YPR102C,525,522
YPR103W,864,861
YPR104C,2811,2868
YPR105C,2586,2601
YPR106W,1332,1329
YPR107C,627,624
YPR108W,1290,1287
YPR109W,885,900
YPR111W,1695,1698
YPR113W,663,723
YPR114W,948,945
YPR115W,3252,3474
YPR116W,834,831
YPR118W,1236,1233
YPR119W,1476,1476
YPR124W,1221,1431
YPR125W,1365,1362
YPR127W,1038,1035
YPR128C,987,987
YPR129W,1050,1122
YPR134W,807,816
YPR135W,2784,2787
YPR137W,1722,1719
YPR139C,903,900
YPR140W,1146,1152
YPR143W,753,753
YPR147C,915,912
YPR148C,1308,1308
YPR149W,522,519
YPR151C,621,639
YPR155C,1851,1848
YPR156C,1869,1866
YPR157W,1404,1401
YPR158W,759,816
YPR159W,2163,2160
YPR160W,2709,2715
YPR161C,1974,1971
YPR162C,1590,1587
YPR163C,1311,1332
YPR165W,630,627
YPR166C,348,345
YPR167C,786,783
YPR168W,474,474
YPR171W,1731,1758
YPR172W,603,609
YPR173C,1314,1311
YPR174C,666,663
YPR176C,978,981
YPR178W,1398,1410
YPR179C,1968,1971
YPR180W,1044,1041
YPR181C,2307,2304
YPR182W,261,648
YPR183W,804,801
YPR184W,4611,4608
YPR185W,2217,2226
YPR186C,1290,1296
YPR188C,492,489
YPR189W,4299,4296
YPR190C,1965,1962
YPR192W,918,915
